<?xml version="1.0" encoding="UTF-8"?>
<metadata xml:lang="en"><Esri><CreaDate>20210802</CreaDate><CreaTime>03130600</CreaTime><ArcGISFormat>1.0</ArcGISFormat><ArcGISstyle>ISO 19139 Metadata Implementation Specification</ArcGISstyle><SyncOnce>TRUE</SyncOnce><DataProperties><lineage><Process ToolSource="c:\program files (x86)\arcgis\desktop10.7\ArcToolbox\Toolboxes\Spatial Analyst Tools.tbx\FuzzyOverlay" Date="20210802" Time="031306">FuzzyOverlay FuzzyMe_powline.tif;FuzzyMe_sroad.tif;FuzzyMe_unsroad.tif "C:\Users\ibadr\Documents\Building Model\FuzzyOv_FuzzyMe1.tif" AND 0.9</Process></lineage></DataProperties></Esri></metadata>
