<?xml version="1.0" encoding="UTF-8"?>
<metadata xml:lang="en"><Esri><CreaDate>20210802</CreaDate><CreaTime>03111500</CreaTime><ArcGISFormat>1.0</ArcGISFormat><ArcGISstyle>ISO 19139 Metadata Implementation Specification</ArcGISstyle><SyncOnce>TRUE</SyncOnce><DataProperties><lineage><Process ToolSource="c:\program files (x86)\arcgis\desktop10.7\ArcToolbox\Toolboxes\Spatial Analyst Tools.tbx\EucDistance" Date="20210802" Time="031115">EucDistance power_linesMGA56 "C:\Users\ibadr\Documents\Building Model\EucDist_powline.tif" # 10 # PLANAR # #</Process></lineage></DataProperties></Esri></metadata>
