<?xml version="1.0" encoding="UTF-8"?>
<metadata xml:lang="en"><Esri><CreaDate>20210802</CreaDate><CreaTime>03095400</CreaTime><ArcGISFormat>1.0</ArcGISFormat><ArcGISstyle>ISO 19139 Metadata Implementation Specification</ArcGISstyle><SyncOnce>TRUE</SyncOnce><DataProperties><lineage><Process ToolSource="c:\program files (x86)\arcgis\desktop10.7\ArcToolbox\Toolboxes\Spatial Analyst Tools.tbx\FuzzyMembership" Date="20210802" Time="030954">FuzzyMembership EucDist_sroad.tif "C:\Users\ibadr\Documents\Building Model\FuzzyMe_sroad.tif" "LINEAR 30 200" NONE</Process></lineage></DataProperties></Esri></metadata>
