<?xml version="1.0" encoding="UTF-8"?>
<metadata xml:lang="en"><Esri><CreaDate>20210802</CreaDate><CreaTime>03123900</CreaTime><ArcGISFormat>1.0</ArcGISFormat><ArcGISstyle>ISO 19139 Metadata Implementation Specification</ArcGISstyle><SyncOnce>TRUE</SyncOnce><DataProperties><lineage><Process ToolSource="c:\program files (x86)\arcgis\desktop10.7\ArcToolbox\Toolboxes\Spatial Analyst Tools.tbx\FuzzyMembership" Date="20210802" Time="031239">FuzzyMembership EucDist_powline.tif "C:\Users\ibadr\Documents\Building Model\FuzzyMe_powline.tif" "LINEAR 50 200" NONE</Process></lineage></DataProperties></Esri></metadata>
