<PAMDataset>
  <Metadata>
    <MDI key="DataType">Generic</MDI>
  </Metadata>
  <PAMRasterBand band="1">
    <Histograms>
      <HistItem>
        <HistMin>0</HistMin>
        <HistMax>0.9999950528144836</HistMax>
        <BucketCount>256</BucketCount>
        <IncludeOutOfRange>1</IncludeOutOfRange>
        <Approximate>0</Approximate>
        <HistCounts>713575|14|11|9|13|10|6|15|8|13|7|9|11|8|14|14|14|5|6|12|4|10|11|13|8|13|11|4|10|6|7|3|5|8|11|7|10|8|10|7|9|30|13|4|14|4|3|8|8|11|6|9|9|7|9|10|10|12|5|8|8|11|5|6|9|6|10|6|8|13|3|10|12|3|7|4|6|8|12|9|6|11|7|7|4|10|10|1|8|9|8|6|8|8|4|1|5|6|5|7|19|14|5|7|5|5|5|8|4|7|5|8|5|11|6|6|5|6|3|3|4|6|2|2|22|5|9|5|6|3|4|6|1|5|7|1|4|2|9|4|9|5|13|7|3|3|5|4|4|3|2|2|4|3|1|3|4|9|2|4|3|4|3|2|2|1|5|5|7|4|8|1|3|5|4|3|3|3|4|2|3|4|3|3|4|7|2|7|2|2|1|3|2|2|4|1|4|1|0|1|2|0|2|2|3|3|3|1|0|1|3|2|3|3|1|0|1|2|2|0|1|3|2|1|0|2|1|2|1|3|0|4|0|1|1|2|1|0|1|0|0|1|0|0|0|0|0|0|0|2|1|0|0|0|4|1</HistCounts>
      </HistItem>
    </Histograms>
    <Metadata>
      <MDI key="RepresentationType">ATHEMATIC</MDI>
      <MDI key="STATISTICS_COVARIANCES">0.0003294526015466422</MDI>
      <MDI key="STATISTICS_EXCLUDEDVALUES"></MDI>
      <MDI key="STATISTICS_MAXIMUM">0.99999505281448</MDI>
      <MDI key="STATISTICS_MEAN">0.00065279546276459</MDI>
      <MDI key="STATISTICS_MINIMUM">0</MDI>
      <MDI key="STATISTICS_SKIPFACTORX">1</MDI>
      <MDI key="STATISTICS_SKIPFACTORY">1</MDI>
      <MDI key="STATISTICS_STDDEV">0.018150829224767</MDI>
    </Metadata>
  </PAMRasterBand>
</PAMDataset>
