<PAMDataset>
  <Metadata>
    <MDI key="DataType">Generic</MDI>
  </Metadata>
  <PAMRasterBand band="1">
    <Histograms>
      <HistItem>
        <HistMin>0</HistMin>
        <HistMax>1</HistMax>
        <BucketCount>256</BucketCount>
        <IncludeOutOfRange>1</IncludeOutOfRange>
        <Approximate>0</Approximate>
        <HistCounts>713575|12|12|9|9|46|6|13|6|13|11|5|9|32|9|13|48|13|7|6|5|9|5|8|37|12|20|12|7|14|9|5|6|2|32|7|11|5|6|9|15|12|8|24|6|8|10|14|4|4|6|7|10|35|6|11|6|9|11|7|9|6|21|4|14|11|4|9|7|7|5|11|18|10|4|4|12|7|1|5|6|22|4|12|11|5|9|7|10|4|7|19|4|1|11|5|6|7|7|7|15|3|5|5|3|6|6|10|10|2|21|3|5|4|3|2|5|3|4|10|8|7|1|3|5|4|2|3|2|9|2|2|2|1|2|2|2|2|8|3|1|0|3|1|1|1|3|4|4|8|1|9|6|3|0|4|3|5|2|0|1|2|4|2|0|1|1|3|1|2|1|1|0|0|1|1|2|1|2|1|0|3|0|1|1|0|1|2|0|1|0|2|1|1|1|1|1|0|1|2|0|1|0|0|0|0|1|0|1|1|0|0|0|0|0|0|0|0|0|0|1|0|1|0|1|1|0|0|0|1|0|1|1|1|0|1|0|0|0|1|0|1|1|1|1|0|2|0|0|0|0|0|0|0|1|5</HistCounts>
      </HistItem>
    </Histograms>
    <Metadata>
      <MDI key="RepresentationType">ATHEMATIC</MDI>
      <MDI key="STATISTICS_COVARIANCES">0.0002104958229568928</MDI>
      <MDI key="STATISTICS_EXCLUDEDVALUES"></MDI>
      <MDI key="STATISTICS_MAXIMUM">1</MDI>
      <MDI key="STATISTICS_MEAN">0.00050585702055283</MDI>
      <MDI key="STATISTICS_MINIMUM">0</MDI>
      <MDI key="STATISTICS_SKIPFACTORX">1</MDI>
      <MDI key="STATISTICS_SKIPFACTORY">1</MDI>
      <MDI key="STATISTICS_STDDEV">0.014508474177421</MDI>
    </Metadata>
  </PAMRasterBand>
</PAMDataset>
