<?xml version="1.0" encoding="UTF-8"?>
<metadata xml:lang="en"><Esri><CreaDate>20210802</CreaDate><CreaTime>03330600</CreaTime><ArcGISFormat>1.0</ArcGISFormat><ArcGISstyle>ISO 19139 Metadata Implementation Specification</ArcGISstyle><SyncOnce>TRUE</SyncOnce><DataProperties><lineage><Process ToolSource="c:\program files (x86)\arcgis\desktop10.7\ArcToolbox\Toolboxes\Spatial Analyst Tools.tbx\FuzzyMembership" Date="20210802" Time="033306">FuzzyMembership nat_veg.tif C:\Users\ibadr\Documents\Conservation_final\Fuzzy_nat_veg.tif "LINEAR 20 60" NONE</Process></lineage></DataProperties></Esri></metadata>
