<PAMDataset>
  <PAMRasterBand band="1">
    <Histograms>
      <HistItem>
        <HistMin>0</HistMin>
        <HistMax>1</HistMax>
        <BucketCount>256</BucketCount>
        <IncludeOutOfRange>1</IncludeOutOfRange>
        <Approximate>0</Approximate>
        <HistCounts>577194|0|0|0|0|0|0|0|0|0|0|0|0|0|0|3640|0|0|0|0|0|0|0|0|0|0|0|0|0|0|0|0|0|0|0|0|0|0|0|0|0|0|0|0|0|0|0|0|0|0|0|0|3274|0|0|0|0|0|0|0|0|0|0|2551|0|0|0|0|0|0|0|0|0|0|2111|0|0|0|0|0|0|0|0|0|0|0|0|0|0|0|0|0|0|0|0|0|0|0|0|0|0|0|3188|0|0|0|0|0|0|0|0|0|0|0|0|0|0|0|0|0|0|0|0|0|0|0|0|2279|0|0|0|0|0|0|0|1925|0|0|0|0|0|0|1239|0|0|0|0|0|0|0|0|0|0|0|0|0|0|1834|0|0|0|0|0|0|0|0|0|0|0|0|0|0|0|0|0|0|0|0|0|0|0|0|0|0|0|0|0|0|0|0|0|4266|0|0|0|0|0|862|0|0|0|0|0|0|0|0|0|0|0|0|0|0|0|0|0|1682|0|0|0|0|0|0|0|0|0|0|0|0|0|0|0|0|0|1060|0|0|0|0|0|0|0|0|0|0|1625|0|0|0|0|0|0|0|0|0|0|391270</HistCounts>
      </HistItem>
    </Histograms>
    <Metadata>
      <MDI key="STATISTICS_COVARIANCES">0.2357332680337955</MDI>
      <MDI key="STATISTICS_MAXIMUM">1</MDI>
      <MDI key="STATISTICS_MEAN">0.40649922371348</MDI>
      <MDI key="STATISTICS_MINIMUM">0</MDI>
      <MDI key="STATISTICS_SKIPFACTORX">1</MDI>
      <MDI key="STATISTICS_SKIPFACTORY">1</MDI>
      <MDI key="STATISTICS_STDDEV">0.48552370491439</MDI>
    </Metadata>
  </PAMRasterBand>
</PAMDataset>
