<?xml version="1.0" encoding="UTF-8"?>
<metadata xml:lang="en"><Esri><CreaDate>20210802</CreaDate><CreaTime>03313500</CreaTime><ArcGISFormat>1.0</ArcGISFormat><ArcGISstyle>ISO 19139 Metadata Implementation Specification</ArcGISstyle><SyncOnce>TRUE</SyncOnce><DataProperties><lineage><Process ToolSource="c:\program files (x86)\arcgis\desktop10.7\ArcToolbox\Toolboxes\Spatial Analyst Tools.tbx\EucDistance" Date="20210802" Time="033135">EucDistance nat_vegetation C:\Users\ibadr\Documents\Conservation_final\nat_veg.tif # 10 # PLANAR # #</Process></lineage></DataProperties></Esri></metadata>
