<?xml version="1.0" encoding="UTF-8"?>
<metadata xml:lang="en"><Esri><CreaDate>20210802</CreaDate><CreaTime>03341100</CreaTime><ArcGISFormat>1.0</ArcGISFormat><ArcGISstyle>ISO 19139 Metadata Implementation Specification</ArcGISstyle><SyncOnce>TRUE</SyncOnce><DataProperties><lineage><Process ToolSource="c:\program files (x86)\arcgis\desktop10.7\ArcToolbox\Toolboxes\Spatial Analyst Tools.tbx\FuzzyOverlay" Date="20210802" Time="033411">FuzzyOverlay Fuzzy_nat_veg.tif;Fuzzy_wetland.tif;Fuzzy_endg_flora.tif;Fuzzy_endg_fauna.tif C:\Users\ibadr\Documents\Conservation_final\xyz.tif AND 0.9</Process></lineage></DataProperties></Esri></metadata>
